train_sizes,train_scores_mean,val_scores_mean
863,1.0,0.803484733818947
2806,1.0,0.814602322068407
4748,1.0,0.8346160499767983
6691,1.0,0.8373956724035129
8634,1.0,0.837302006687097
