train_sizes,train_scores_mean,val_scores_mean
863,1.0,0.804688737491742
2806,1.0,0.817937585665282
4748,1.0,0.8340597649084955
6691,1.0,0.8338742793170043
8634,1.0,0.8341514560039422
